adshex,class
A00C4B,surveil
A0AB21,surveil
A0AE77,surveil
A0AE7C,surveil
A0C462,surveil
A0E032,surveil
A0E055,surveil
A0E2D1,surveil
A10FBB,surveil
A1488A,surveil
A1624F,surveil
A1B021,surveil
A1EC96,surveil
A2104E,surveil
A21FBC,surveil
A22AEF,surveil
A25CD5,surveil
A29A7D,surveil
A2B573,surveil
A2EC92,surveil
A2F6FD,surveil
A32309,surveil
A34193,surveil
A36622,surveil
A37A7D,surveil
A37D92,surveil
A385F0,surveil
A3F372,surveil
A3F66C,surveil
A41050,surveil
A4349B,surveil
A4BC6E,surveil
A4D817,surveil
A51A7C,surveil
A59D5B,surveil
A5B556,surveil
A622CD,surveil
A624B4,surveil
A6286B,surveil
A62B61,surveil
A66261,surveil
A66B77,surveil
A6718E,surveil
A681E2,surveil
A68960,surveil
A6C75D,surveil
A6D306,surveil
A6DCEA,surveil
A72AA1,surveil
A72E8C,surveil
A7650F,surveil
A7A9D4,surveil
A7C090,surveil
A7E68F,surveil
A7EEBE,surveil
A7EEC5,surveil
A7F64F,surveil
A81E30,surveil
A837C6,surveil
A83934,surveil
A8464D,surveil
A846DD,surveil
A8A872,surveil
A8EC40,surveil
A91EC1,surveil
A9717A,surveil
A9849F,surveil
A9B5D0,surveil
A9C265,surveil
A9CEFF,surveil
AAF593,surveil
AAFD01,surveil
AB00B8,surveil
AB1551,surveil
AB344E,surveil
AB5C81,surveil
AB7B5A,surveil
ABC990,surveil
AC19C5,surveil
AC872B,surveil
AC97AB,surveil
AC9E93,surveil
ACA29B,surveil
ACAEF9,surveil
ACC2EC,surveil
ACC6B5,surveil
AD3019,surveil
AD4B3C,surveil
AD56F0,surveil
AD64DB,surveil
AD6BDA,surveil
AD7E68,surveil
AD7EE5,surveil
AD8CAF,surveil
ADAFFE,surveil
ADC1C3,surveil
ADC362,surveil
A1E0E5,other
A140E5,other
A45687,other
A0A8F8,other
A1914D,other
AD4ED6,other
A0B64D,other
A99F36,other
A7ADE5,other
A73A92,other
ABFE46,other
A025E0,other
ABFFCA,other
A74264,other
AA75C0,other
A06B44,other
A5DF46,other
A21D73,other
A1D588,other
ACE076,other
A67683,other
A8AD63,other
A69338,other
A2273E,other
ABD74A,other
A4203A,other
A21E59,other
A0822F,other
A3FFA0,other
A5B9F2,other
A0F4C1,other
A4ED9C,other
AABF9A,other
A1CBAA,other
A7B19A,other
A60F02,other
A4DCB6,other
A9EA18,other
AC5C26,other
AC3CBB,other
AA0A1C,other
A7716C,other
A712A6,other
A57674,other
A05811,other
A838B2,other
A27853,other
A9CCF2,other
A1E995,other
A6C705,other
A657FF,other
A67CA0,other
A54D50,other
AA42B9,other
A70C0B,other
AB5C93,other
A4F6D5,other
AD0215,other
A2B947,other
A5C8F8,other
A712A2,other
A3A1A6,other
AAA45E,other
AD3650,other
ACD01C,other
AD5687,other
A5827B,other
A4FFBA,other
A3D1E7,other
A23DB5,other
A92E10,other
AB812F,other
AD62B6,other
A6B7C3,other
A07945,other
A1BEB7,other
AA2CCF,other
ACE402,other
A50424,other
A3FBAA,other
A0C981,other
A1CFE2,other
A9C641,other
AD8229,other
AAEB30,other
A9D98C,other
A46F60,other
A800A9,other
A09616,other
A0A9AC,other
AA9D4D,other
A97713,other
A3317A,other
AD3959,other
ADF529,other
A1BE8A,other
ACA0C8,other
AD8B14,other
A5CF2D,other
A7754A,other
A9C8D2,other
A7C091,other
A313A9,other
A90114,other
A8A755,other
A904B6,other
AAE2B6,other
A40784,other
A4F9BA,other
AB64D0,other
A6065D,other
ABF6D8,other
A0919D,other
A15963,other
A8531C,other
A0982D,other
A0D70E,other
A840C9,other
A92203,other
ACDE74,other
A1AB63,other
A70D07,other
ADCD26,other
A8DA29,other
A44E0F,other
A7D445,other
A57CE4,other
AD5B7F,other
A65729,other
A11250,other
A1E37D,other
A559B7,other
A1958F,other
A7CE70,other
A72812,other
A6AB0F,other
A1ED09,other
A3F020,other
A3222F,other
A27D77,other
A18E1E,other
AD1167,other
A4DD4D,other
AA3C5A,other
ADAFBD,other
A11FAD,other
A1E663,other
AAF601,other
A691DB,other
A1C8BF,other
A51EBB,other
A0CCD4,other
A016E9,other
A1C97E,other
A1B747,other
A2D626,other
A008BE,other
A069FE,other
A97023,other
A07A37,other
ADCE10,other
A4C98C,other
A53371,other
A82B44,other
A880E8,other
AC37D8,other
A70FF0,other
A6F8E3,other
A406CE,other
A202CD,other
A1304B,other
A7C337,other
A165D1,other
A8785D,other
A9BAED,other
A18DC6,other
AA8356,other
AC9A9C,other
A3971C,other
AA3C9C,other
AC9A4A,other
A1C700,other
A7DA79,other
A3BD89,other
A09925,other
A98F6F,other
ABA87B,other
A3D2F3,other
A52492,other
A74BCD,other
A78A8A,other
AB172E,other
A19995,other
A3FF2E,other
A55982,other
A081A3,other
A78195,other
A4206A,other
A73B17,other
A85BE8,other
A0C334,other
A7DEB9,other
A6357D,other
A0996F,other
A3F59E,other
A1A6FF,other
A1D311,other
AD6CB0,other
A11521,other
A3A30F,other
A6C4FE,other
A3327B,other
A66A33,other
A7A06A,other
A374FB,other
AB62F1,other
A1C1FF,other
ACAE0B,other
AA354D,other
AA01D5,other
A7D406,other
AB8EF1,other
A829E6,other
A9FB6F,other
A4A91A,other
A070DE,other
A701A1,other
A65488,other
A51331,other
A9E1D4,other
A8A66C,other
A1B842,other
ACE492,other
A712B6,other
AD1654,other
AB60BA,other
A95C3F,other
AD4D83,other
A7E944,other
A69911,other
A195BF,other
AD63E2,other
A95EB8,other
A4CBEA,other
A44FD9,other
ACB571,other
AAED30,other
A3EF4A,other
A50325,other
A78C91,other
A06539,other
A8011,other
ACC2E2,other
A0776C,other
AAB63E,other
A6FD30,other
A1AD8C,other
A3470D,other
A1E88C,other
A1B96D,other
A75DD8,other
AA8E9D,other
A1B69D,other
A88BAA,other
A40583,other
A0A9D4,other
A00002,other
A01C54,other
AA67D5,other
AB4193,other
A95D13,other
A21765,other
ACA208,other
A05A6B,other
A74803,other
AD2FBF,other
A8A5AB,other
A00220,other
AD2ED1,other
A3E2E3,other
A1234B,other
A8658C,other
A57E25,other
A185A3,other
ACD571,other
A6A89B,other
A63B26,other
AC1D36,other
A704D2,other
A1B16C,other
A02A93,other
A4FFA4,other
AAB6C8,other
AAAD93,other
A08E98,other
AA7865,other
A169A5,other
A837CD,other
A1728F,other
A57390,other
A9DFEF,other
A38138,other
A00889,other
A9298B,other
A4DC40,other
A7FE7E,other
A29823,other
A13362,other
ACE410,other
A7AD9B,other
AC3D1D,other
A3B185,other
AC4679,other
A657E8,other
A077E7,other
A42DD9,other
A2DD29,other
A823C1,other
A11D8C,other
AB2FA3,other
A20A75,other
A951EA,other
A3A655,other
A5647D,other
A2186F,other
A6FFE7,other
A03356,other
A2E58B,other
AA06B0,other
A1B027,other
A4A231,other
ABA831,other
A66A97,other
AC9B45,other
A4BE45,other
AC5BD3,other
ADEDB8,other
A1D3BA,other
A206E1,other
ADD003,other
A6DBFF,other
A025CB,other
A5421C,other
ACB08D,other
A324C0,other
A71CFA,other
A95C8A,other
ACC0D7,other
A2561D,other
AC10C7,other
AD6A2A,other
A6A7BD,other
AD7A58,other
A63F52,other
A8B190,other
A01893,other
A1D3C6,other
A709EB,other
A5E522,other
A90153,other
A199D6,other
A6D66F,other
A8A1C5,other
AC7179,other
A0A63B,other
A15B46,other
A286D0,other
A4EBB0,other
A0FACE,other
A1B998,other
A88D83,other
A396F4,other
A55BE4,other
A01843,other
A95F88,other
A316FB,other
A55ACF,other
ABF15D,other
AAB703,other
A23ECF,other
A37881,other
AC70C3,other
AA6A93,other
ACDEC1,other
AB6A68,other
A3FA3B,other
AAAADE,other
A81998,other
A326A6,other
AB5615,other
AB1C69,other
A41FE1,other
AAD1E4,other
A91150,other
A38858,other
A7C8F9,other
A63E0A,other
A7BEF2,other
A3FF82,other
ACBDBA,other
A2AA97,other
A070E8,other
A09844,other
A2C585,other
A442B2,other
A2F0B0,other
AC436D,other
A1CB75,other
A7D1A3,other
A6A218,other
A80A07,other
A7C7E2,other
A65448,other
ADEE39,other
A4AA8E,other
A9A316,other
AC8D0E,other
AB5706,other
A30F97,other
A988F1,other
AB3DA9,other
A20768,other
A4F615,other
A38E04,other
A83F3E,other
A04EF7,other
A385E3,other
A5D74A,other
A23F69,other
AD1365,other
ACFE9D,other
A47E01,other
A339DC,other
ADD1C7,other
A46243,other
A993D7,other
ABAF75,other
A7548C,other
A35BCA,other
A0041E,other
A4EF05,other
A17822,other
AA6A9B,other
A63A6A,other
AB22FD,other
AB23F7,other
A046CA,other
A8DA0A,other
A9500B,other
A572CE,other
A81F60,other
A9A8FD,other
A98F68,other
A0C51B,other
ADCAD3,other
A70436,other
A777DF,other
AA7D35,other
A950D0,other
AC6315,other
A6AC1C,other
A69D2B,other
A6751D,other
A7E9D1,other
AD1715,other
A5ABAD,other
A4DD19,other
A1957B,other
A03CAD,other
ABBD5E,other
A36E83,other
AAA0E2,other
AD97CB,other
A80FCC,other
A03EFD,other
ADBAE4,other
A049FB,other
A5F624,other
A1977D,other
A05B9E,other
A8231C,other
A5220E,other
A1B7D9,other
A95620,other
AA454E,other
A7FEDF,other
A2F5D3,other
A162F3,other
A98766,other
A4D6C7,other
AC7AE4,other
A6A6CD,other
A3907F,other
A7FA37,other
A9AC1F,other
A647B0,other
A40B3B,other
A5F2A8,other
AA4DA9,other
A98F38,other
